{
  "checkpoint": "data\\BNCI2014001\\250Hz_preprocess_eeg\\CUPY_SNN_LIF_READOUT_id1_seed2023.pth",
  "dataset": 0,
  "pick_id": 1,
  "threshold": 0.5,
  "window": 50,
  "total": 288,
  "confusion_matrix": [
    [
      66,
      3,
      0,
      3
    ],
    [
      16,
      55,
      1,
      0
    ],
    [
      2,
      0,
      42,
      28
    ],
    [
      1,
      0,
      11,
      60
    ]
  ],
  "per_class": [
    {
      "class": 0,
      "precision": 0.7764705882352941,
      "recall": 0.9166666666666666,
      "f1": 0.8407643312101911,
      "support": 72
    },
    {
      "class": 1,
      "precision": 0.9482758620689655,
      "recall": 0.7638888888888888,
      "f1": 0.846153846153846,
      "support": 72
    },
    {
      "class": 2,
      "precision": 0.7777777777777778,
      "recall": 0.5833333333333334,
      "f1": 0.6666666666666666,
      "support": 72
    },
    {
      "class": 3,
      "precision": 0.6593406593406593,
      "recall": 0.8333333333333334,
      "f1": 0.736196319018405,
      "support": 72
    }
  ],
  "accuracy": 0.7743055555555556,
  "balanced_accuracy": 0.7743055555555556,
  "macro_f1": 0.7724452907622772,
  "weighted_f1": 0.7724452907622772,
  "decision_rate": 0.0,
  "early_count": 0,
  "mean_latency_ms": null,
  "median_latency_ms": null
}