model,display_name,group,params_trainable,energy_per_sample_mj,avg_power_w,peak_power_w,inference_time_s,throughput_samples_per_s
CUPY_SNN_PLIF,Lightweight SNN (Zhang et al.),snn,2601,0.8252189366725092,82.29900000000002,82.299,0.0259902001707814,99729.89753707098
CUPY_SNN_LIF_READOUT,Предложенная LIF readout,snn,2609,1.0375198694404797,82.29900000000002,82.299,0.0326765999780036,79322.8182168528
EEGNet,EEGNet,cnn,3476,2.7481273944552718,161.94599999999997,161.946,0.0439846998779103,58929.58249561084
ShallowConvNet,ShallowConvNet,cnn,46084,47.466392729637256,113.7381618697367,191.828,1.0817204000195488,2396.182969234155
deepconv,DeepConvNet,cnn,320479,45.57122770344591,167.6628713611086,234.029,0.7045127000892535,3679.138785818373
