model,display_name,accuracy_percent,parameters,time_step,batch_size,idle_power_w,peak_power_w,mean_power_w,net_peak_power_w,elapsed_ms_total,elapsed_ms_per_batch,iterations,power_samples
ShallowConvNet,ShallowConvNet,72.47,46084,1000,128,21.66,251.13,234.62636363636364,229.47,6351.435546875,52.928629557291664,120,66
deepconv,DeepConvNet,35.29,320479,1000,128,110.67,230.85,209.412105263158,120.17999999999999,5318.95458984375,33.243466186523435,160,57
EEGNet,EEGNet,60.46,3476,1000,128,115.33,221.48,190.9123076923076,106.14999999999999,5025.25927734375,2.0595324907146515,2440,52
CUPY_SNN_LIF_READOUT,Предложенная SNN,65.635694,2609,1000,128,90.65599999999999,136.65,120.56461538461538,45.994000000000014,4999.95361328125,1.4880814325241816,3360,52
