Model,MeanAcc,StdAcrossSubjects,MinAcc,MaxAcc,NumSubjects
CUPY_SNN_PLIF,66.89777777777778,12.564924528028877,49.65,81.94,9
EEGNet,26.31222222222222,2.819912440633486,23.61,32.29,9
ShallowConvNet,25.346666666666668,0.7126944179193021,24.65,27.08,9
deepconv,25.0,0.0,25.0,25.0,9
