model,params_total,params_trainable,samples,inference_time_s,throughput_samples_per_s,energy_j,avg_power_w,peak_power_w,mean_power_w,power_samples,energy_per_sample_mj
ShallowConvNet,46084,46084,2592,1.0817204000195488,2396.182969234155,123.03288995521977,113.7381618697367,191.828,110.31368421052632,19,47.466392729637256
deepconv,320479,320479,2592,0.7045127000892535,3679.1387858183734,118.12062220733179,167.6628713611086,234.029,170.12846153846152,13,45.571227703445906
EEGNet,3476,3476,2592,0.043984699877910316,58929.58249561084,7.123146206428063,161.94599999999997,161.946,161.946,2,2.7481273944552713
CUPY_SNN_LIF_READOUT,2609,2609,2592,0.03267659997800365,79322.8182168528,2.689251501589723,82.29900000000002,82.299,82.299,1,1.0375198694404797
CUPY_SNN_PLIF,2601,2601,2592,0.025990200170781463,99729.89753707098,2.138967483855144,82.29900000000002,82.299,82.299,1,0.8252189366725092
